{
  "hash": "da573af9",
  "configHash": "465e4990",
  "lockfileHash": "938ead0d",
  "browserHash": "beb08021",
  "optimized": {
    "@angular/cdk/bidi": {
      "src": "../../../../../../node_modules/@angular/cdk/fesm2022/bidi.mjs",
      "file": "@angular_cdk_bidi.js",
      "fileHash": "68613a7e",
      "needsInterop": false
    },
    "@angular/cdk/scrolling": {
      "src": "../../../../../../node_modules/@angular/cdk/fesm2022/scrolling.mjs",
      "file": "@angular_cdk_scrolling.js",
      "fileHash": "875e8475",
      "needsInterop": false
    },
    "@angular/cdk/text-field": {
      "src": "../../../../../../node_modules/@angular/cdk/fesm2022/text-field.mjs",
      "file": "@angular_cdk_text-field.js",
      "fileHash": "254bbfe7",
      "needsInterop": false
    },
    "@angular/common": {
      "src": "../../../../../../node_modules/@angular/common/fesm2022/common.mjs",
      "file": "@angular_common.js",
      "fileHash": "5321b424",
      "needsInterop": false
    },
    "@angular/common/http": {
      "src": "../../../../../../node_modules/@angular/common/fesm2022/http.mjs",
      "file": "@angular_common_http.js",
      "fileHash": "99fb1b09",
      "needsInterop": false
    },
    "@angular/core": {
      "src": "../../../../../../node_modules/@angular/core/fesm2022/core.mjs",
      "file": "@angular_core.js",
      "fileHash": "6074d621",
      "needsInterop": false
    },
    "@angular/forms": {
      "src": "../../../../../../node_modules/@angular/forms/fesm2022/forms.mjs",
      "file": "@angular_forms.js",
      "fileHash": "baa19ce3",
      "needsInterop": false
    },
    "@angular/localize/init": {
      "src": "../../../../../../node_modules/@angular/localize/fesm2022/init.mjs",
      "file": "@angular_localize_init.js",
      "fileHash": "80e08d3a",
      "needsInterop": false
    },
    "@angular/material/button": {
      "src": "../../../../../../node_modules/@angular/material/fesm2022/button.mjs",
      "file": "@angular_material_button.js",
      "fileHash": "18a7209c",
      "needsInterop": false
    },
    "@angular/material/card": {
      "src": "../../../../../../node_modules/@angular/material/fesm2022/card.mjs",
      "file": "@angular_material_card.js",
      "fileHash": "b361e038",
      "needsInterop": false
    },
    "@angular/material/checkbox": {
      "src": "../../../../../../node_modules/@angular/material/fesm2022/checkbox.mjs",
      "file": "@angular_material_checkbox.js",
      "fileHash": "896c6b52",
      "needsInterop": false
    },
    "@angular/material/core": {
      "src": "../../../../../../node_modules/@angular/material/fesm2022/core.mjs",
      "file": "@angular_material_core.js",
      "fileHash": "c547db93",
      "needsInterop": false
    },
    "@angular/material/datepicker": {
      "src": "../../../../../../node_modules/@angular/material/fesm2022/datepicker.mjs",
      "file": "@angular_material_datepicker.js",
      "fileHash": "98e44ba9",
      "needsInterop": false
    },
    "@angular/material/dialog": {
      "src": "../../../../../../node_modules/@angular/material/fesm2022/dialog.mjs",
      "file": "@angular_material_dialog.js",
      "fileHash": "f2f44827",
      "needsInterop": false
    },
    "@angular/material/form-field": {
      "src": "../../../../../../node_modules/@angular/material/fesm2022/form-field.mjs",
      "file": "@angular_material_form-field.js",
      "fileHash": "49f152ee",
      "needsInterop": false
    },
    "@angular/material/icon": {
      "src": "../../../../../../node_modules/@angular/material/fesm2022/icon.mjs",
      "file": "@angular_material_icon.js",
      "fileHash": "61f00843",
      "needsInterop": false
    },
    "@angular/material/input": {
      "src": "../../../../../../node_modules/@angular/material/fesm2022/input.mjs",
      "file": "@angular_material_input.js",
      "fileHash": "a8ad88dc",
      "needsInterop": false
    },
    "@angular/material/list": {
      "src": "../../../../../../node_modules/@angular/material/fesm2022/list.mjs",
      "file": "@angular_material_list.js",
      "fileHash": "8a0d488b",
      "needsInterop": false
    },
    "@angular/material/menu": {
      "src": "../../../../../../node_modules/@angular/material/fesm2022/menu.mjs",
      "file": "@angular_material_menu.js",
      "fileHash": "c3d56aa9",
      "needsInterop": false
    },
    "@angular/material/progress-spinner": {
      "src": "../../../../../../node_modules/@angular/material/fesm2022/progress-spinner.mjs",
      "file": "@angular_material_progress-spinner.js",
      "fileHash": "9b1375e6",
      "needsInterop": false
    },
    "@angular/material/radio": {
      "src": "../../../../../../node_modules/@angular/material/fesm2022/radio.mjs",
      "file": "@angular_material_radio.js",
      "fileHash": "ea9eed28",
      "needsInterop": false
    },
    "@angular/material/select": {
      "src": "../../../../../../node_modules/@angular/material/fesm2022/select.mjs",
      "file": "@angular_material_select.js",
      "fileHash": "e97a5342",
      "needsInterop": false
    },
    "@angular/material/sidenav": {
      "src": "../../../../../../node_modules/@angular/material/fesm2022/sidenav.mjs",
      "file": "@angular_material_sidenav.js",
      "fileHash": "dd2dfae0",
      "needsInterop": false
    },
    "@angular/material/slide-toggle": {
      "src": "../../../../../../node_modules/@angular/material/fesm2022/slide-toggle.mjs",
      "file": "@angular_material_slide-toggle.js",
      "fileHash": "8e3d66fe",
      "needsInterop": false
    },
    "@angular/material/snack-bar": {
      "src": "../../../../../../node_modules/@angular/material/fesm2022/snack-bar.mjs",
      "file": "@angular_material_snack-bar.js",
      "fileHash": "90176c20",
      "needsInterop": false
    },
    "@angular/material/toolbar": {
      "src": "../../../../../../node_modules/@angular/material/fesm2022/toolbar.mjs",
      "file": "@angular_material_toolbar.js",
      "fileHash": "0c3375f9",
      "needsInterop": false
    },
    "@angular/platform-browser": {
      "src": "../../../../../../node_modules/@angular/platform-browser/fesm2022/platform-browser.mjs",
      "file": "@angular_platform-browser.js",
      "fileHash": "3e8c6d11",
      "needsInterop": false
    },
    "@angular/router": {
      "src": "../../../../../../node_modules/@angular/router/fesm2022/router.mjs",
      "file": "@angular_router.js",
      "fileHash": "e2380405",
      "needsInterop": false
    },
    "@auth0/angular-jwt": {
      "src": "../../../../../../node_modules/@auth0/angular-jwt/fesm2020/auth0-angular-jwt.mjs",
      "file": "@auth0_angular-jwt.js",
      "fileHash": "54a22be4",
      "needsInterop": false
    },
    "rxjs": {
      "src": "../../../../../../node_modules/rxjs/dist/esm5/index.js",
      "file": "rxjs.js",
      "fileHash": "65e7ced6",
      "needsInterop": false
    },
    "@angular/cdk/keycodes": {
      "src": "../../../../../../node_modules/@angular/cdk/fesm2022/keycodes.mjs",
      "file": "@angular_cdk_keycodes.js",
      "fileHash": "fa01d331",
      "needsInterop": false
    },
    "@angular/material/chips": {
      "src": "../../../../../../node_modules/@angular/material/fesm2022/chips.mjs",
      "file": "@angular_material_chips.js",
      "fileHash": "30dc848d",
      "needsInterop": false
    }
  },
  "chunks": {
    "chunk-7KESGTDG": {
      "file": "chunk-7KESGTDG.js"
    },
    "chunk-6LU4G3J2": {
      "file": "chunk-6LU4G3J2.js"
    },
    "chunk-KFI3NQ6G": {
      "file": "chunk-KFI3NQ6G.js"
    },
    "chunk-47S7JUMA": {
      "file": "chunk-47S7JUMA.js"
    },
    "chunk-FPSS4RLJ": {
      "file": "chunk-FPSS4RLJ.js"
    },
    "chunk-66LYZTWS": {
      "file": "chunk-66LYZTWS.js"
    },
    "chunk-HAZKSKPB": {
      "file": "chunk-HAZKSKPB.js"
    },
    "chunk-DN4WQSAT": {
      "file": "chunk-DN4WQSAT.js"
    },
    "chunk-KDYJR6PL": {
      "file": "chunk-KDYJR6PL.js"
    },
    "chunk-YU2M6KQL": {
      "file": "chunk-YU2M6KQL.js"
    },
    "chunk-PMT3TZKE": {
      "file": "chunk-PMT3TZKE.js"
    },
    "chunk-NMA55HXQ": {
      "file": "chunk-NMA55HXQ.js"
    },
    "chunk-J7524OBE": {
      "file": "chunk-J7524OBE.js"
    },
    "chunk-EQLASBL3": {
      "file": "chunk-EQLASBL3.js"
    },
    "chunk-PIGLILSX": {
      "file": "chunk-PIGLILSX.js"
    },
    "chunk-GKQFLALY": {
      "file": "chunk-GKQFLALY.js"
    },
    "chunk-U3JTKEEH": {
      "file": "chunk-U3JTKEEH.js"
    },
    "chunk-DQ7OVFPD": {
      "file": "chunk-DQ7OVFPD.js"
    },
    "chunk-CYVFVYFT": {
      "file": "chunk-CYVFVYFT.js"
    },
    "chunk-QCETVJKM": {
      "file": "chunk-QCETVJKM.js"
    },
    "chunk-PKMUHERQ": {
      "file": "chunk-PKMUHERQ.js"
    },
    "chunk-NEIM4CIH": {
      "file": "chunk-NEIM4CIH.js"
    },
    "chunk-H7DITQV6": {
      "file": "chunk-H7DITQV6.js"
    },
    "chunk-OQ3X7PUQ": {
      "file": "chunk-OQ3X7PUQ.js"
    },
    "chunk-EOFW2REK": {
      "file": "chunk-EOFW2REK.js"
    },
    "chunk-3HYLMCJV": {
      "file": "chunk-3HYLMCJV.js"
    },
    "chunk-RUN2ISTC": {
      "file": "chunk-RUN2ISTC.js"
    },
    "chunk-YCBQIA5X": {
      "file": "chunk-YCBQIA5X.js"
    },
    "chunk-NZSBQNFE": {
      "file": "chunk-NZSBQNFE.js"
    },
    "chunk-7J4OCBY7": {
      "file": "chunk-7J4OCBY7.js"
    },
    "chunk-KT4B6NJJ": {
      "file": "chunk-KT4B6NJJ.js"
    },
    "chunk-DBQVMHQU": {
      "file": "chunk-DBQVMHQU.js"
    },
    "chunk-QAP2HNWU": {
      "file": "chunk-QAP2HNWU.js"
    },
    "chunk-3KKC7HMJ": {
      "file": "chunk-3KKC7HMJ.js"
    },
    "chunk-GOMI4DH3": {
      "file": "chunk-GOMI4DH3.js"
    }
  }
}